id;nom;contact;email;telephone
1;sans commissionnaire absolument;communauté étudiante;Henriette_Duval@yahoo.fr;+33 471157176
2;si bien que;tchou tchouu empêcher;Maxime.Lacroix@gmail.com;+33 725025685
3;pauvre promener du fait que;tout dès que alimenter;Gertrude26@yahoo.fr;+33 384372498
4;spécialiste par rapport à;clientèle acquérir;Armine.Arnaud@hotmail.fr;0327607002
5;conseil municipal toc-toc derechef;sitôt que sur si;Rachid.Petit92@yahoo.fr;0611676620
6;environ;snob à force de;Adalric.Leclerc4@hotmail.fr;0678468792
7;patientèle de manière à ouille;complètement cot cot quant à;Naudet78@hotmail.fr;+33 430818356
8;de crainte que grrr grâce à;vroum espiègle;Berangere38@hotmail.fr;+33 412392535
9;lorsque areu areu;dépasser pauvre;Japhet43@hotmail.fr;0665004457
10;éveiller;de manière à ce que doucement prévenir;Julia.Vasseur17@gmail.com;+33 401717598
11;conseil d’administration là-haut;vivace sans;Gaston.Baron7@hotmail.fr;+33 312430067
12;après;au-dessus de secouriste extra;Jacqueline.Philippe@hotmail.fr;0232660963
13;dynamique même si;peindre avare si;Denis15@hotmail.fr;+33 230055408
14;chialer inviter;tendre hebdomadaire via;Odile_Maillard@hotmail.fr;0548928627
15;traduire;de manière à triste mairie;Robert.Rey@hotmail.fr;0225238666
16;trop;grrr avant que que;Iris_Blanchard8@yahoo.fr;+33 619268818
17;du fait que;exiger considérer;Audrey.Fabre@gmail.com;+33 301536273
18;à condition que quitte à;dessous touriste cocorico;Archange.Perez@gmail.com;+33 792170222
19;blême;spécialiste;Adrastee_Morin@yahoo.fr;+33 417362628
20;cocorico jusqu’à ce que lectorat;résoudre;Arsinoe15@yahoo.fr;+33 640228501
21;lorsque prou direction;pendant que où;Philothee30@yahoo.fr;0172485621
22;actionnaire de façon que tellement;tellement cot cot;Ysaline_Moulin@yahoo.fr;+33 283111786
23;dans la mesure où cot cot totalement;charitable;Job.Leroux@gmail.com;+33 237448480
24;à moins de;rôder près membre de l’équipe;Amandine.Baron@hotmail.fr;+33 251927427
25;à l'instar de de sorte que police;énergique de façon que;Loup0@hotmail.fr;+33 532437994
26;chef de cuisine foule jadis;bon;Pacome_Bernard@hotmail.fr;+33 104464523
27;répéter puisque;installer incliner indiquer;Colin.Noel@yahoo.fr;0680333501
28;splendide;dedans;Gael.Vidal@hotmail.fr;+33 205760415
29;parce que miam large;chef;Renee.Jacquet63@gmail.com;+33 350415634
30;prestataire de services candide au-dessous;tendre;Charlemagne78@hotmail.fr;+33 325888748
