id;date_action;type_action;entite_ciblee;ancienne_valeur;nouvelle_valeur;utilisateur_id
1;2026-09-10T18:40:11;MAINTENANCE;indiquer;moyennant;de manière à ce que pour au-dessus;1
2;2026-09-10T11:02:13;CREATION;snif cyan;considérable afin de jusqu’à ce que;dès que comme oups;2
3;2026-09-10T01:21:59;CREATION;spécialiste;prou areu areu de crainte que;boum membre titulaire;1
4;2026-09-10T09:31:40;TRANSFERT;commis d’autant que;étudier sympathique à côté de;avant que;2
5;2026-09-10T19:44:02;AFFECTATION;sauvage d'avec;secouriste après-demain;grâce à;1
6;2026-09-10T06:13:20;MAINTENANCE;étant donné que de façon à ce que après-demain;pendant que après que cuicui;tchou tchouu auparavant;1
7;2026-09-10T02:18:24;AFFECTATION;ouille résumer;étant donné que même si rapide;sans que;2
8;2026-09-09T22:17:16;AFFECTATION;habile de façon à ce que;tranquille;figurer;1
9;2026-09-10T06:42:33;TRANSFERT;moyennant;hier au-dedans de;endormir personnel contre;1
10;2026-09-10T08:37:14;SUPPRESSION;responsable;tsoin-tsoin mener;résoudre;1
11;2026-09-10T03:51:23;MAINTENANCE;plic;bien que;pour que aux alentours de;2
12;2026-09-10T11:42:12;MODIFICATION;quand responsable;trop peu;tôt sitôt intégrer;1
13;2026-09-10T17:07:28;AFFECTATION;inciter outre rose;avex heurter gens;depuis insolite;2
14;2026-09-10T13:28:02;CREATION;cadre du fait que innombrable;sur sans;rédaction adepte grossir;2
15;2026-09-10T05:10:51;MAINTENANCE;conseil d’administration;combler psitt du fait que;charitable de manière à ce que;1
16;2026-09-09T23:34:37;MODIFICATION;écrire dessus choisir;touchant;quoique pis quasiment;1
17;2026-09-10T09:17:53;MODIFICATION;équipe de recherche gens corps enseignant;camarade;diététiste;2
18;2026-09-10T07:49:13;TRANSFERT;que sauver;dans présidence;du moment que;2
19;2026-09-10T04:36:43;MAINTENANCE;ronron;d’autant que;vlan hi loin;2
20;2026-09-10T21:22:30;TRANSFERT;pour zzzz;présidence chut;comme réjouir vroum;2
21;2026-09-10T21:54:05;SUPPRESSION;miaou;lâcher;de quant à;2
22;2026-09-10T21:43:28;AFFECTATION;circuler grrr sans;croâ;diététiste touchant novice;1
23;2026-09-10T03:05:13;MAINTENANCE;aux alentours de incognito;afin que si bien que chef de cuisine;tendre y;1
24;2026-09-10T00:27:09;MODIFICATION;actionnaire reprocher toc;étant donné que vite;chef retourner;2
25;2026-09-10T17:16:35;CREATION;quand;concurrence avare;secours;2
26;2026-09-10T02:17:16;MAINTENANCE;en faveur de;corps enseignant;cot cot chut;2
27;2026-09-10T03:25:52;AFFECTATION;prout vlan;d'abord coac coac quant à;suffisamment coûter triangulaire;1
28;2026-09-10T14:06:33;AFFECTATION;mélancolique loufoque;où nouer;y;2
29;2026-09-10T00:19:12;TRANSFERT;depuis contre susciter;corps enseignant;sous couleur de à défaut de;1
30;2026-09-10T07:34:37;SUPPRESSION;snif loufoque sitôt que;du fait que même si;au-dessus de areu areu;1
