id;nom_fichier;date_import
1;incognito;2026-09-10
2;sitôt que nier;2026-09-10
3;débile tôt;2026-09-10
4;assassiner priver;2026-09-10
5;en dehors de moyennant à même;2026-09-10
6;blême proche;2026-09-10
7;géométrique foule pour que;2026-09-10
8;d'avec si;2026-09-10
9;rassembler;2026-09-10
10;athlète;2026-09-10
11;élargir en face de;2026-09-10
12;soit cocorico approuver;2026-09-10
13;suivre un peu novice;2026-09-10
14;d'abord cot cot administration;2026-09-10
15;chef de cuisine afin de signifier;2026-09-10
16;en outre de de manière à à force de;2026-09-10
17;bof;2026-09-10
18;paf crier;2026-09-10
19;géométrique au-devant;2026-09-09
20;insipide coïncider avare;2026-09-10
21;autour de;2026-09-10
22;ouin généraliser;2026-09-10
23;minuscule par suite de pas mal;2026-09-10
24;énorme diplomate;2026-09-10
25;snif au point que;2026-09-10
26;derrière gigantesque hurler;2026-09-10
27;après précisément;2026-09-10
28;plier bzzz touriste;2026-09-10
29;hormis attacher pour que;2026-09-10
30;broum;2026-09-09
